client_id,score
2,0.0035469315
4,0.028132323
9,0.002186677
12,0.006801428
14,0.006878798
15,0.007182603
29,0.063870884
56,0.005532378
58,0.001046624
60,0.000741366
62,0.00049722963
72,0.00809638
74,0.0014479733
76,0.02498291
85,0.00024438865
99,0.07255691
104,0.02464212
112,0.0015831159
120,0.016573224
128,0.0037401735
131,0.0030976376
135,0.0020910634
143,0.00032248322
157,0.012908802
159,0.0013647914
165,0.0025159172
176,0.004940983
183,0.0399393
191,0.0017874398
194,0.0830569
206,0.004141989
207,0.0060851313
228,0.0072272806
232,0.0050538084
286,0.0018046898
287,0.0058462485
296,0.0066993874
298,0.000423201
299,0.0033900798
322,0.030367495
328,0.009973475
335,0.01571294
341,0.0010190057
348,0.010657266
352,0.003845279
353,0.0072086784
367,7.406296e-05
370,0.009437921
373,0.004659261
379,0.0021438093
394,0.0017031699
395,0.005010344
396,0.010677072
400,0.0015528012
403,0.022963762
410,0.0005243799
411,0.010089277
417,0.0042809374
418,0.0049799536
438,0.0059463517
443,0.0045952573
27,0.05265519
479,0.0019870384
480,0.0003996432
482,0.02145152
485,0.0051176194
494,0.00018277919
495,0.019041862
504,0.004303125
509,0.00099899
511,0.022915518
520,0.01654502
528,0.0017194098
537,0.0013606235
543,0.00074845506
548,0.0004338564
136,0.00567144
554,0.001484656
563,0.10912024
569,0.04798098
166,0.0072049396
590,0.00021788215
182,0.0012761512
593,0.0037917746
602,0.00020141684
609,0.0031363652
614,0.00022754377
627,0.0065741325
628,0.005461235
631,0.05400199
650,0.0005863332
657,0.0038318553
669,0.006039894
682,0.0032761684
688,0.014655445
695,0.0003021078
711,0.0003173838
714,0.061446518
717,0.004254466
721,0.0023805571
744,0.023276014
746,0.0010464087
749,0.0003596444
753,0.00027730296
755,0.0017785938
765,0.007382894
768,0.0004712613
770,0.00019369018
772,0.00070500065
774,0.0006626428
791,0.00015752125
793,0.012366237
797,0.00079369056
804,0.0009592436
809,0.0014461557
817,0.00018649301
830,0.06343961
838,0.00033346756
839,0.0003983194
862,0.0013984111
864,0.0008252265
868,0.0010049399
873,0.0021359306
874,0.00074731186
889,0.00061614305
901,0.01811094
902,0.032809246
903,0.018517153
904,0.025656745
908,0.0049981824
910,0.00024222245
911,0.0016450328
917,0.0134493075
921,0.0011434653
930,0.0009673619
942,0.004196198
943,0.04676691
945,0.0018024346
954,0.06305586
101,0.00090803707
965,0.009602733
973,0.0058747604
979,0.012178904
991,0.0011568652
995,0.0024851544
996,0.016563885
1003,0.07263008
1005,0.00081542315
1012,0.00056780333
1015,0.0012542043
1022,0.00022862785
606,0.007367719
1031,0.0011794813
1041,0.0051834784
1046,0.01580815
1047,0.0009911606
1056,0.007026728
1058,0.0038355158
233,0.0007175721
1071,0.012766855
1072,0.0025864902
1080,0.008598877
1083,0.00016120804
1092,0.0017338763
258,0.0022870058
1097,0.013294826
1103,0.0036848967
1110,0.00023552288
1112,0.0061662504
1128,0.001520096
1129,0.009522787
704,0.00034807407
1133,0.0012927522
1144,9.8252465e-05
1146,0.021253156
1147,0.053133618
1152,0.024019133
334,0.003863782
1160,0.0010805335
1161,0.006477425
1165,0.0033918698
1172,0.00017195757
352,0.003689928
757,0.0016527772
1180,0.015447808
1181,0.0005390525
781,0.092190705
1199,0.002778349
1200,0.010304964
1203,0.047812432
1204,0.0018149033
806,0.031078827
1218,0.00042791644
1222,0.004438143
404,0.0008567284
1224,0.1556214
1226,0.0029000344
1227,0.0017656601
1230,0.001542919
831,0.00071054674
1233,0.002046464
839,0.00037986247
1242,0.021255465
1245,0.05040682
1250,0.00522658
1252,0.0053222473
1263,0.005134591
1265,0.00076528534
1266,0.0054148883
1269,0.003841294
878,0.0061853584
1270,0.0014645883
448,0.00055691344
1273,0.005728921
1290,0.0056239553
1291,0.001292474
471,0.022718513
1303,0.0026147272
1304,0.0036478736
1309,0.0005518124
916,0.004387651
1310,0.004114456
1317,0.011832128
1319,0.003210874
1320,0.0014630005
75,0.0026153515
81,0.00016855854
1337,0.04471805
1340,0.015072422
1348,0.013697335
1359,0.039719995
1365,0.007154184
1370,0.006291172
1372,0.008537091
1377,0.00075264927
1382,0.0063322727
1015,0.0010165278
1397,0.017485498
1398,0.0013859768
189,0.0009430638
601,0.003532766
605,0.00035149438
1042,0.00024592268
1044,0.0023380083
1425,0.0027844023
1426,0.00096312835
1428,0.0018951064
1431,0.029296124
1445,0.013512233
1451,0.00021738974
1080,0.0060816454
1456,0.024765128
1458,0.0022556344
1459,0.0032208993
1460,0.008966232
1092,0.00096045487
1476,0.011999903
1478,0.0072471653
1480,0.0053030946
1481,0.001984231
1113,0.012840318
1486,0.0036675418
1487,0.0014901338
1493,0.001327069
1505,0.006908332
1506,0.007459115
1521,0.009195288
1525,0.0107101
1529,0.0033950484
1536,0.0030995084
1539,0.0015196125
1554,0.0010788373
1558,0.010951774
764,0.040009968
1563,0.0019456975
1574,0.008864663
1201,0.0045977924
384,0.0021523007
1592,0.00091094006
1604,0.017661465
1610,0.006146438
1612,0.015285282
1620,0.0116649885
846,0.001197611
858,0.013609456
1636,0.00085634115
1648,0.0044167005
28,0.0011732498
1280,0.0011528345
1665,0.005557077
1667,0.00090537756
1675,0.0002200765
1680,0.0011019427
489,0.00796903
1688,0.0016414304
1691,0.0023162202
921,0.00078101654
1711,0.02459653
1729,0.0012661477
1734,0.012162061
975,0.00094672246
1757,0.014322939
1758,0.023378773
1765,0.0075893486
1769,0.008351177
1777,0.0052388245
161,0.007211017
1785,0.0042741275
1029,0.0026069866
1416,0.0032238464
1801,0.006278137
1805,0.00174903
219,0.0004669638
1825,0.0052317493
1827,0.0033781917
1829,0.0070825825
1837,0.006365377
1839,0.009212238
1851,0.018573586
1852,0.0014024857
1853,0.002132215
1463,0.0048547997
1854,0.02967233
1855,0.0004265747
1856,0.045716166
1858,0.00015445084
1865,0.0005670808
1868,0.024771439
1869,0.0064236578
1879,0.003679869
1881,0.010006809
1508,0.0005799969
1515,0.006787498
1884,0.021528533
1887,0.0012410678
1902,0.002188437
745,0.0048457086
1548,0.00029884125
1909,0.04139401
756,0.0028813686
1916,0.00052832504
1926,0.0034563194
1940,0.0026317816
1941,0.00059022446
1943,0.016226916
806,0.022938548
1951,0.0023138556
1610,0.003116531
1961,0.001667325
417,0.0035148254
1970,0.0025763628
1971,0.0010831387
856,0.005933977
1983,0.00024877078
1987,0.0017170707
1993,0.0023040562
871,0.000795769
2003,0.007920934
873,0.0017530108
2007,0.0011173014
2018,0.00337711
1297,0.020515142
1303,0.0035865016
2030,0.005853339
53,0.00084339135
1697,0.0030153366
2047,0.0006281063
2053,0.000492524
2072,0.010303106
2078,0.0016527482
2079,0.00489494
542,0.008375719
542,0.0059071085
1754,0.00026800076
131,0.0030436853
2094,0.003656848
2102,0.0007797502
151,0.008061492
2107,0.01661783
2108,0.007492078
2110,0.00032256133
2113,0.01519816
2116,0.006676962
2123,0.0061884606
2126,0.0013792962
2139,0.0018247562
2140,0.0005467263
2142,0.017479036
2152,0.002256475
2157,0.009460505
1075,0.002710321
1837,0.0055366005
2163,0.034902707
248,0.0010522312
2165,0.01628975
2170,0.00051554205
2175,0.0045223185
2178,0.0005055457
2186,0.00013498375
1477,0.025008347
277,0.00017042937
2201,0.0014100409
2202,0.0014039971
1488,0.0024413478
2209,0.010325472
2211,0.0095044095
2226,0.03098119
2229,0.0062193144
2236,0.0021018873
1154,0.027494576
2242,0.0009110565
2244,0.0016901739
2250,0.0026146811
2251,0.0020275125
766,0.0010551322
2264,0.009321631
2266,0.00070806936
2271,0.007737343
2278,0.0014166407
378,0.004034445
2282,0.00081657665
383,0.023524
2294,0.009687946
2303,0.015865935
2306,0.0035101536
2309,0.010972605
428,0.004833805
1975,0.0021993325
5,0.0026426718
2321,0.0020234268
861,0.0016006335
27,0.030639648
2337,0.0071600224
1674,0.011114118
2346,0.028402636
478,0.00196094
1682,0.020170342
2355,0.0057667606
2362,0.0055564735
2364,0.00017934164
2370,0.017133791
2374,0.05357692
517,0.0084523065
2381,0.015295011
2386,0.004288864
93,0.00047606757
2387,0.003417849
2393,0.0010185019
1742,0.012591783
2404,0.0011854345
2408,0.0037485124
2410,0.0024424605
2415,0.0008624409
2418,0.003196864
2420,0.0043778177
2424,0.00039964987
2427,0.012982711
159,0.0011199628
2439,0.02451109
2445,0.0010145361
2447,0.0002935284
2449,0.0034267837
2455,0.0006278011
2459,0.0020673936
2463,0.00268082
2464,0.0077743945
619,0.0038541805
2471,0.0006762326
635,0.0005833516
2485,0.0006035388
2486,0.0103440685
1447,0.0071243965
1070,0.00038082566
2495,0.0038149725
2496,0.05568784
2497,0.012015
2505,0.00042983572
1852,0.00259236
1463,0.0051138676
2514,0.0014693352
2211,0.008622319
702,0.0033565194
2548,0.0057909107
2555,0.00092421117
329,0.004148412
2562,0.005008012
2249,0.000752047
773,0.0011444335
2588,0.0045060925
2589,0.0056042164
2593,0.0010657477
1210,0.00013650308
2603,0.0040044636
2604,0.001872748
809,0.0016716628
2618,0.0011029788
407,0.016066803
2623,0.00062900846
1960,0.0009386051
841,0.03387133
2633,0.0065516555
2634,0.05580569
2636,0.01888694
2639,0.004870948
855,0.0002676734
2647,0.0006055087
4,0.02111223
1634,0.044718467
1249,0.027446892
2650,0.0013113748
2651,0.0015448439
2656,0.049726907
438,0.008104617
2662,0.0012961371
2663,0.071893476
2336,0.0071108164
29,0.01665233
2672,0.00012551523
2679,0.0020621016
2682,0.008575239
2690,0.0052509527
1321,0.00051017356
2694,0.0059373192
2369,0.0016938458
2703,0.00082698744
2704,0.00055477757
2709,0.010999442
2712,0.0108305495
2716,0.0012813037
2721,0.005034735
962,0.00097226456
2399,0.0004520939
2729,0.0011819347
2731,0.0080121225
548,0.0002988686
1376,0.0017726057
993,0.0004950612
2745,0.0014560928
2749,0.0027896834
162,0.0011797065
2760,0.0075587146
2444,0.0013754888
2445,0.0006379569
2763,0.00387416
2771,0.0043179933
597,0.02022385
2776,0.00046537316
2459,0.0125926435
2785,0.00084129046
637,0.00033103774
234,0.05138946
2805,0.012033417
2810,0.0020923344
2820,0.038153235
1097,0.0044082045
2831,0.009902079
2843,0.0014782907
293,0.0007168384
2541,0.0023699428
1128,0.00066093454
2852,0.0039554597
2857,0.0015155266
2862,0.0039974465
2868,0.01143066
2870,0.009867973
734,0.0030534212
2248,0.0033581133
2877,0.0016243915
2878,0.0062615327
2889,0.00061186956
2891,0.0060380907
1911,0.001056008
2894,0.001963094
2897,0.0048857233
1927,0.0016842466
2904,0.024800576
1204,0.00097101624
809,0.0017597635
2919,0.105162844
2922,0.012613814
405,0.008545381
824,0.0008139582
825,0.0009684035
1960,0.0009133914
1234,0.0011790892
1235,0.010839432
2936,0.0051273373
842,0.001319009
2948,0.009500249
2950,0.006876231
2959,0.0057097496
891,0.011683546
2962,0.0042253295
1295,0.0012953861
2968,0.015152117
2970,0.0010527209
908,0.010156136
2974,0.019093458
2975,0.007345844
1693,0.0029514676
2980,0.025999008
2981,0.0049211844
2059,0.0049973885
2989,0.00027661904
2078,0.0010386894
2999,0.004954068
3002,0.047290437
3004,0.011146099
3006,0.007086047
966,0.0051946514
538,0.011972182
980,0.00083855016
3015,0.00707478
3019,0.0003159606
1401,0.004331046
3039,0.0017643858
1813,0.016750766
1431,0.03367475
1833,0.005381974
2161,0.0061690416
3063,0.0044543915
3066,0.032047793
2166,0.0066411854
1092,0.0026396436
3072,0.0036081087
665,0.0008361584
2182,0.0060194177
3077,0.00049704267
3090,0.008938217
2531,0.00013154332
3104,0.009579303
3105,0.0008062453
2229,0.005984796
3109,0.0031733646
3111,0.0072008134
1181,0.00074400165
3136,0.0064635663
1191,0.023422131
3144,0.0106225265
2911,0.019986026
1589,0.0066370023
3159,0.00564912
403,0.02075477
1224,0.17340289
3163,0.011147035
1615,0.0019393159
828,0.0013191452
3165,0.0006968642
3177,0.00022915642
3179,0.004720412
1278,0.00094716676
1280,0.0012623906
3201,0.020089775
3202,0.013974175
897,0.00047133834
3209,0.0021580204
2969,0.00085501256
485,0.010245802
3219,0.00069612515
3221,0.011462452
496,0.005484185
1695,0.0032310146
2050,0.0076874946
3234,0.0038469268
3245,0.0004228703
3246,0.010481398
3247,0.010981539
3249,0.0133915385
3258,0.0013611374
3259,0.012684456
2086,0.00038355205
3265,0.0022490292
3271,0.00057225744
546,0.0038369426
3015,0.0057287365
3279,0.0064479103
3281,0.013951387
3282,0.019677412
2104,0.0062526353
3287,0.00044331056
3290,0.0046631214
3297,0.010411787
3301,0.001677764
3304,0.0061702086
1416,0.002785643
3315,0.00482381
3316,0.004002568
1426,0.00079029665
1055,0.0022556002
2481,0.0010879817
3323,0.00074023224
2801,0.0013535357
3324,0.002912465
243,0.0040238653
653,0.0019880505
3341,0.002278756
1856,0.04372364
3344,0.0021829389
3345,0.0027214382
3351,0.0017264779
677,0.0038437762
3359,0.0046909307
3101,0.022936156
3361,0.011798973
3363,0.015882442
3368,0.0006152291
3369,0.0031476682
2226,0.021866988
2559,0.00017747654
1163,0.009294075
3388,0.007726916
749,0.00037862474
3390,0.0034472798
1920,0.009942932
770,0.0001976411
3418,0.0016452576
791,0.00019155035
3428,0.0022087512
3433,0.00089208456
815,0.00047206876
3442,0.0059617013
2640,0.067612596
1255,0.029125072
3461,0.0063429177
3464,0.0045864866
459,0.0062572677
3473,0.02226326
903,0.02149348
3475,0.027025854
906,0.00057549524
3484,0.002104264
60,0.00042863953
928,0.0015071464
66,0.048880976
78,0.0116202915
3509,0.0015314311
3512,0.0004046076
3516,0.09238076
3517,0.0022904812
3519,0.002195042
97,0.008195309
3526,0.0034933365
3005,0.003349134
2724,0.0029238656
3529,0.003799091
3533,0.0005375753
126,0.0007212761
3536,0.0025881687
3546,0.0070651066
1767,0.0038432286
3556,0.0037075067
156,0.0036987192
1389,0.09310053
1783,0.003782646
1796,0.009620118
3570,0.00074837985
3577,0.0010725111
3580,0.0020820263
3311,0.0038092684
3582,0.0020283454
3050,0.004841098
3584,0.00096025
1832,0.016628962
3595,0.019658666
3598,0.004248335
1840,0.0058744038
3603,0.0027107566
254,0.009409349
655,0.012723019
3347,0.0012899874
3621,0.006837457
3623,0.02095337
2208,0.0004355799
292,0.025044113
3629,0.0004455791
3639,0.0011207104
2228,0.09549675
1142,0.010321857
3643,0.015646307
1896,0.0024334465
3651,0.00256784
740,0.0005689771
3653,0.003239974
3656,0.008168474
3658,0.0031211283
3673,0.0043700063
3675,0.0019413244
3677,0.002239067
2287,0.003206017
3681,0.009151947
402,0.00040023949
3685,0.0004327942
3688,0.0076335175
3694,0.001297644
3696,0.0046271677
3698,0.0046945517
3705,0.0027144859
3715,0.026347356
887,0.00041078177
2964,0.009920964
2024,0.013206581
2344,0.00504128
1300,0.02071767
3730,0.004390337
3734,0.0134382015
3739,0.0008713984
3228,0.01137426
72,0.007504985
510,0.0006050847
3747,0.016044226
1343,0.027700704
530,0.3212531
2998,0.0004911974
544,0.0006121394
1368,0.0023503264
975,0.0007052725
1754,0.0003158266
3769,0.00039209804
3772,0.0038978541
3776,0.003606897
3297,0.008374575
579,0.0036241626
172,0.01251885
3792,0.0070825624
3796,0.0002772641
2453,0.067137115
2126,0.0013102619
3035,0.012083326
3805,0.013638305
1808,0.0044225627
3808,0.0013410987
1048,0.049808566
3810,0.0015125746
3815,0.0011833018
3819,0.0011903674
3824,0.0033506097
3828,0.0005088945
3829,0.049580384
3830,0.0014561975
1457,0.0012901323
3831,0.0047935448
3832,0.0169322
2516,0.0007377684
3836,0.0015980563
3841,0.09634648
3843,0.00671565
3844,0.002114536
3355,0.0080187535
284,0.021024186
1117,0.022335935
3853,0.0034646613
1876,0.0004516037
3854,0.00053928734
3855,0.003650821
2218,0.0014494288
3863,0.012124556
1530,0.00039386423
3871,0.0024357315
3878,0.043432184
3879,0.034119695
345,0.0030133603
3886,0.0021504774
3887,0.002401796
1209,0.0020933542
3151,0.006665186
3910,0.039928176
3912,0.003384013
3915,0.0076827127
3917,0.00083642174
3919,0.015684977
3922,0.027780736
3924,0.003949134
3926,0.013615813
3934,0.0006298625
3448,0.00094922393
1979,0.0008984734
859,0.0011177337
1983,0.00027887014
3708,0.007043333
869,0.004728293
3940,0.010737527
3187,0.00852199
1652,0.0020939838
3717,0.0028880648
3948,0.00026445056
459,0.0063960375
469,0.00024738684
40,0.0013860547
3952,0.01634728
46,0.0027715717
490,0.004734425
3732,0.0021777796
3960,0.0066168252
3963,0.010145687
1695,0.0006382908
3965,0.0075476663
3976,0.017283743
516,0.0018273357
3978,0.0022481745
3980,0.0008541054
3513,0.0013347442
3983,0.0022684312
2390,0.004672513
2397,0.01289685
1361,0.007323337
3992,0.0024995962
3011,0.11221382
2408,0.0029247454
2740,0.0009858297
4005,0.0018060482
3024,0.008682435
4008,0.0013012748
572,0.02159675
162,0.0014375767
4034,0.0017354467
4038,0.0010371632
4039,0.06499534
3313,0.0011150303
3582,0.00036028508
4043,0.00041405315
4044,0.0020136281
4051,0.038710352
4054,0.0043771844
4055,0.005034121
648,0.0048179603
4056,0.022479419
249,0.009972228
1089,0.009330926
4059,0.0017980138
260,0.01662136
3345,0.0021948467
2825,0.00072157825
1103,0.0042784135
2827,0.0072693094
4076,0.0015980523
685,0.0002579909
4080,0.00586679
2535,0.0053238156
2540,0.0009082395
4083,0.04814066
1132,0.0003128126
4090,0.006580392
4091,0.012883618
3641,0.0017620391
2555,0.0003127482
1145,0.002707792
1147,0.044097256
1531,0.0025638225
1547,0.0066320184
354,0.024134584
3393,0.0037776865
2573,0.007364783
1187,0.001510807
4115,0.0039182166
4116,0.013962964
4130,0.012753357
4134,0.00066663366
3153,0.002399914
3159,0.00807719
2927,0.0010024799
4144,0.008582795
4155,0.0040007797
4157,0.0013003914
2327,0.0018501811
4161,0.00231469
4165,0.011808084
4168,0.0038283844
4170,0.008040905
4173,0.012693071
4177,0.028709996
4180,0.031245872
4183,0.007850739
46,0.003376229
3729,0.0006145809
487,0.0031972013
54,0.0009836878
2685,0.01013132
2032,0.004619707
3961,0.02754131
1711,0.003585469
4200,0.014397025
4202,0.008697288
87,0.027339477
4204,0.02082326
2382,0.0028412219
2709,0.015054771
2713,0.0012127744
2998,0.00093214517
4220,0.0014556763
4223,0.040735777
968,0.007971643
3992,0.0006876414
1363,0.012399126
2734,0.006609576
2736,0.0023838028
4235,0.006121606
4236,0.0007421761
560,0.0038595668
2429,0.00052680686
1388,0.004725899
3558,0.0024145814
4249,0.0013667061
1779,0.00052133086
4252,0.0030057372
4254,0.03922947
4255,0.008623999
170,0.0069146813
3786,0.0065882206
585,0.00043446125
605,0.00030752606
4266,0.008923305
4267,0.0010876775
2467,0.00048774527
1429,0.0017796668
218,0.00038028276
4280,0.035367716
2803,0.0050137606
1077,0.0005694323
4288,0.028326442
4291,0.0054219705
2508,0.014987523
4060,0.004867357
4297,0.0007977213
1495,0.0047442834
4308,0.00078010204
1883,0.001258875
1135,0.0058440734
1140,0.0007780627
4317,0.0014685337
4321,0.0021019832
4323,0.01169474
3876,0.006725152
4327,0.1192193
2245,0.0045249187
342,0.003462428
4329,0.010857744
4334,0.25506517
1178,0.006006678
4336,0.0037071223
4337,0.0012096346
1919,0.015103049
4341,0.00037259827
4344,0.003665204
4345,0.004392451
4347,0.010699222
3414,0.004598923
2909,0.0020851535
3899,0.0073120897
2917,0.00082784245
4359,0.00198357
395,0.00596197
395,0.005620034
4364,0.0007888152
408,0.0029447791
2928,0.020541761
4371,0.008001605
2314,0.0017160696
3456,0.00045720022
4383,0.009027788
4387,0.013329864
4389,0.003537415
4390,0.0016210559
4394,0.010992747
4401,0.0015557989
469,0.00024363254
4408,0.001968168
2680,0.0016310891
4412,0.01424796
4415,0.08386144
4417,0.014099522
4420,0.013174218
4421,0.03328844
83,0.0009099612
4424,0.008124939
4426,0.004325727
530,0.3174222
4434,0.0111243315
3258,0.0012447473
4435,0.004295707
119,0.00031705477
4437,0.00036731752
2730,0.0021273498
2405,0.0021277019
4442,0.000891221
4445,0.0059610684
554,0.0018090636
4452,0.000727071
4454,0.0015578965
1016,0.0050005
4472,0.00156727
2116,0.006785663
4474,0.011239828
4476,0.008406707
4477,0.022436943
202,0.030857561
204,0.0045897705
4484,0.0047047203
3332,0.0061273617
4504,0.0027570443
1454,0.0023522077
2168,0.0065110554
656,0.0047326796
4512,0.043369073
3072,0.0058914623
2825,0.0012337957
2523,0.0005826553
4519,0.0044267788
4520,0.00062306045
2544,0.008134363
4533,0.0017377861
4536,0.0020968067
4537,0.002256767
3118,0.0049270135
4113,0.004444808
4558,0.0022462895
4559,0.00039501124
3671,0.0022857352
4561,0.0032714847
4563,0.008955911
4352,0.0018353008
3149,0.003803179
4569,0.00026313067
4573,0.0004118035
842,0.00160728
1625,0.00058138336
4583,0.020536194
4588,0.07939318
4590,0.016988933
4592,0.014267482
461,0.00052950444
4599,0.016016262
4601,0.0019348256
4604,0.001032529
2036,0.010519206
4607,0.0016544169
69,0.002407204
71,0.010387113
4611,0.0010008457
939,0.007016236
1714,0.0045399335
4615,0.008086204
4618,0.0013091037
4621,0.0027822847
2388,0.009091891
1354,0.00518203
4624,0.01901595
4628,0.01830843
4222,0.0015630428
2403,0.0023719931
3764,0.0013689271
3008,0.0021745327
4636,0.06443155
4639,0.005807629
147,0.0081941625
4642,0.009003769
4643,0.0009951565
1007,0.012839169
4646,0.012168853
4016,0.0055115083
4650,0.004109299
3565,0.0045581665
4654,0.00026134326
4660,0.0065904898
3574,0.032431226
606,0.0071411426
4039,0.0269535
3805,0.020068623
1038,0.0053915693
625,0.005731681
2791,0.00075787125
4668,0.000431314
4049,0.056229666
3814,0.004727364
2799,0.020403206
4671,0.0006803601
4676,0.0030118765
4680,0.02348255
4681,0.0008169584
657,0.0037651635
2177,0.0013529692
662,0.00089698297
4689,0.0027828962
4518,0.011228334
3845,0.025491953
2203,0.0019688986
3619,0.001358546
4697,0.00033111064
4698,0.023650188
1123,0.0008124987
4702,0.00075641554
4705,0.0005368489
4712,0.0003817977
3116,0.0022134339
4115,0.0044513876
776,0.0042237886
1578,0.0019405512
789,0.0021488266
803,0.004127809
4357,0.0038769431
4747,0.025311952
3921,0.0020273621
4758,0.00919713
4761,0.029534949
4763,0.0013187992
1977,0.034476183
2643,0.00940946
4765,0.005582603
4767,0.0014072842
4771,0.0030908259
4777,0.025547855
455,0.00024856828
4598,0.0018099784
4778,0.010471951
893,0.00016804293
1316,0.0007237062
923,0.021115944
941,0.0068677543
77,0.0001960153
4800,0.0013387181
522,0.005545666
2393,0.0006347065
543,0.00038461923
4442,0.0015395398
3275,0.0019360625
2739,0.0014508049
4004,0.008490769
4827,0.020324847
1387,0.0059433365
4839,0.0012700732
1800,0.0023863215
4660,0.0057105836
2464,0.0042366236
4847,0.005909377
627,0.0077969786
4489,0.00029249868
1822,0.0022010491
4856,0.06099338
3330,0.096521825
3332,0.0061507532
1091,0.0016483229
269,0.05180933
3613,0.002494241
271,0.0006648172
4867,0.0014242051
1868,0.019322226
3358,0.0029729414
1126,0.060887896
698,0.0043793395
312,0.0018259058
1133,0.001042319
2226,0.044156596
2555,0.0005485634
1164,0.03783819
4107,0.0021209507
3655,0.0009013347
768,0.00036489763
4910,0.03241188
4915,0.0036869105
393,0.0010552513
4919,0.0018235486
1951,0.003400167
4921,0.00031358207
4923,0.0016910777
812,0.11310006
4926,0.0030938014
4927,0.017902013
4935,0.0034239679
2637,0.0027001398
2940,0.00528903
4940,0.0030747517
4157,0.0014981877
437,0.028289689
4951,0.005428048
3938,0.00034207618
3469,0.0036839584
4961,0.026778284
3214,0.0016621802
3732,0.0026496234
2686,0.01628102
4966,0.0071114562
2032,0.0067582186
4968,0.002293325
4974,0.0012013807
938,0.012431
940,0.00073109847
516,0.0015017041
4984,0.120941795
3760,0.0007206989
2079,0.00630386
4991,0.058426782
1368,0.0023503264
4002,0.010526334
5002,0.002426426
2753,0.0035411823
5008,0.021828296
2445,0.0006906419
4653,0.0009762001
1790,0.00050357793
5022,0.0087725185
3577,0.00053387217
614,0.00031099867
5026,0.002476148
5031,0.043321826
2146,0.0023399643
3816,0.0019684199
4673,0.0010301548
5039,0.0014629979
250,0.0065936404
2814,0.0030671472
4509,0.000589826
5052,0.0046088393
2197,0.0004539296
3620,0.00087423733
4698,0.014739357
5061,0.021585453
5064,0.005829591
718,0.00472891
5074,0.0044409866
5075,0.002011636
3108,0.008025064
4711,0.001096214
5078,0.017876202
2235,0.002371047
5084,0.03215408
5087,0.0006249701
1902,0.005915021
5089,0.009623731
5089,0.009457199
5091,0.0017984881
3656,0.00915917
1185,0.00077342807
5094,0.016136013
5097,0.0034474782
780,0.00061771704
3141,0.0058698524
3673,0.0014454343
4344,0.0029565375
2912,0.000584658
5106,0.030217666
1212,0.00063642074
2296,0.0067250305
3440,0.0016318044
5112,0.0007238894
3921,0.0024700619
421,0.0029913168
4150,0.00071346585
1971,0.0016412203
5119,0.0013037018
3453,0.0055922475
5123,0.028798888
27,0.030639648
3194,0.008075845
5131,0.035891607
3473,0.020873118
2022,0.000983203
2344,0.0022923138
479,0.0017171557
5134,0.0021091127
2033,0.0025718624
1714,0.00527761
5143,0.003345801
5148,0.058880962
5150,0.001747389
5152,0.06379607
959,0.009766489
536,0.0022263539
122,0.0025333236
1758,0.020667206
2409,0.0034274778
137,0.00620762
4640,0.000323434
4452,0.0008486903
4825,0.00074610184
3776,0.0029650892
4466,0.001329248
5188,0.00066173874
5192,0.002575194
4480,0.0011794588
5198,0.0031851304
5202,0.0002812114
207,0.0068072574
1439,0.0014206783
5207,0.00046008918
1828,0.0010413463
3823,0.03269633
2496,0.00948707
5210,0.0041204016
3610,0.0063196626
5222,0.00017828014
5224,0.0025149265
3626,0.0003499248
4875,0.025408072
1503,0.0022598214
5236,0.02852497
5241,0.003575959
2217,0.00034272528
713,0.053287815
5245,0.0018061469
4706,0.00065393833
4317,0.0013949927
2231,0.00071217684
329,0.0044080787
5252,0.008761388
1542,0.003286811
5255,0.13256547
4732,0.010870904
772,0.000567003
2589,0.0073123146
1223,0.03295134
826,0.00027290502
3919,0.021728095
5280,0.0010891234
5286,0.0013948659
5290,0.0032502168
5291,0.005950519
442,0.009278891
4593,0.013814613
1269,0.004636194
3715,0.016615111
5295,0.0020273437
2020,0.00220263
5298,0.0006781672
5299,0.0030862938
5301,0.0018257387
2971,0.015024412
55,0.021612272
5305,0.0007816405
2044,0.004353076
5310,0.008527676
2702,0.0017971111
5313,0.009835622
5315,0.0014800682
5317,0.0035697797
5318,0.0015413594
2719,0.0011923255
4215,0.011624783
118,0.00046951795
3538,0.00038284133
5328,0.00067894126
4460,0.008405086
5337,0.0002093764
4021,0.0018803378
5346,0.029437672
2124,0.014622602
5355,0.009648212
5356,0.004909441
4042,0.006707814
3321,0.0050157807
5361,0.04720027
5207,0.00034274
2519,0.0015129534
4689,0.0031525088
5377,0.0008891086
2190,0.06428214
5380,0.001335622
5382,0.004237247
2203,0.0020038376
3098,0.0014211898
2865,0.0013537677
4095,0.024984647
5391,0.034059033
2869,0.001679657
1536,0.0037100774
4540,0.012451183
4329,0.018119503
3881,0.00054743025
1552,0.01847881
5403,0.0017696376
3892,0.020465285
4342,0.037771344
3421,0.0023428428
5413,0.025641866
5415,0.000567624
1622,0.0019504785
1254,0.004689508
5432,0.0012654526
10,0.022263484
1263,0.0040514814
5435,0.0009269455
5436,0.0008625507
2661,0.08409708
894,0.0043299617
35,0.0005007813
5441,0.03415248
5443,0.010213194
3484,0.00385673
1679,0.0012139191
5450,0.080762476
5455,0.009886439
4969,0.0008687347
4420,0.021358546
4421,0.044445485
5466,0.047851566
5467,0.00815228
525,0.0013064954
5473,0.0052755754
529,0.0020358854
5476,0.002532895
4625,0.0022063125
1359,0.019047286
5477,0.00037295025
1743,0.021332072
1744,3.0435573e-05
5478,0.0019018549
4225,0.0012513192
5483,0.0005474863
984,0.0038689703
5485,0.0024574532
990,0.0016388437
149,0.0016835027
4454,0.0008507245
5488,0.0008759755
2752,0.00794812
571,0.0018721572
3293,0.002196651
2764,0.00045642446
5493,0.01954335
3300,0.004512159
590,0.000226128
1039,0.00028764858
203,0.0035967934
5205,0.00013546446
5507,0.0042330567
220,0.006654375
1435,0.0095189195
227,0.013265609
5037,0.057056207
5510,0.00079116883
1068,0.001490612
5514,0.0029449416
4676,0.002845352
650,0.0007272886
4858,0.0005625576
2511,0.001265739
5520,9.83872e-05
5521,0.005316533
5523,0.0011950162
3617,0.007812163
681,0.006634362
5531,0.025698658
5054,0.0003303961
5230,0.005668951
5537,0.021537002
5538,0.003728343
305,0.00021357455
5545,0.00013774983
5546,0.0031590462
2235,0.002413105
3653,0.0032724664
5560,0.001640461
4338,0.001054351
1921,0.002239651
784,0.0018568063
3895,0.00018956282
1239,0.0018897321
5581,0.00067455746
4171,0.0019726446
5295,0.001972638
5587,0.01699999
5592,0.002314472
5593,0.032858003
487,0.0036931373
3494,0.0025564365
64,0.0013562624
5606,0.000953277
3514,0.0032222115
1728,0.00045963854
5608,0.00065216137
2076,0.014068553
5620,0.0035613938
2400,0.04032461
123,0.0037869827
5327,0.003498004
5628,0.0013566957
5631,0.003664412
4640,0.0003555513
5179,0.0034938594
5635,0.0006131215
5638,0.0029060012
174,0.00041009608
5650,0.0029205615
5651,0.044704314
1033,0.007871037
2777,0.0047554886
198,0.025133863
5652,0.007825923
2780,0.02504714
1423,0.00084208726
628,0.0030550314
3322,0.0005101193
1826,0.0015792308
1061,0.006465131
5663,0.009578452
4285,0.011894767
3329,0.0064887246
3330,0.07784796
5665,0.0003838101
5668,0.013002755
1456,0.016975854
5671,0.0006133921
255,0.01761254
3073,0.0057308064
5677,0.0011927901
5678,0.0055879294
5685,0.001201703
679,0.00021416631
5691,0.014123397
2535,0.011999179
5692,0.019379346
1507,0.0041469308
5698,0.0034044983
5701,0.0006113313
1525,0.010507201
5077,0.03411256
1526,0.0014032178
5707,0.002150727
1553,0.0029651397
5719,0.00283962
5561,0.0024573316
5722,0.009417945
2898,0.003652716
3664,0.010911968
4911,0.0013842619
3138,0.03146919
4562,0.004397394
4128,0.002836197
3147,0.0023385421
1584,0.005945382
1585,0.008819783
5730,0.008081673
1219,0.011902179
2623,0.00068306865
827,0.020490535
419,0.0041204584
5739,0.0021922146
5740,0.00100281
5742,0.008143979
1998,0.005443205
5294,0.00041838747
5298,0.000803079
2672,0.00015263468
3481,0.012639728
5761,0.007703174
5763,0.013333928
5764,0.019132724
4984,0.06945537
3515,0.008361209
4211,0.00015759577
4623,0.0010505815
5771,0.0025578775
1371,0.00030279873
2102,0.00079175935
998,0.015348347
2754,0.0044778166
3780,0.0015606589
2758,0.0029734191
1410,0.0018379033
4028,0.004558796
192,0.07128307
5791,0.0014721922
4844,0.00057641446
611,0.0010551236
5793,0.06017172
5798,0.0011238428
5803,0.03256747
638,0.0030935702
638,0.0025428701
2482,0.0034678846
5810,0.0043771467
2498,0.0010074395
5814,0.0033735456
4060,0.0037017234
5822,0.05434746
4070,0.0005873017
680,0.008210245
2848,0.0024105383
698,0.0046715215
5237,0.0019939665
2857,0.0013591031
3639,0.00091962685
4881,0.00066936767
2227,0.036422994
2241,0.0044741533
4718,0.0020416754
1541,0.003919609
5842,0.007981479
5844,0.02220802
2881,0.009278725
2252,0.00035130445
5716,0.0031289628
5264,0.0017242718
3131,0.007740752
5853,0.0015282554
1193,0.00027689533
3894,0.0027793068
5862,0.0005690373
4570,0.0032061995
5866,0.014880717
5870,0.0018712191
5871,0.023286918
5872,0.007947928
847,0.0039896322
1248,0.04957245
5881,0.002894439
1268,0.00024729487
1276,0.004479683
472,0.015708294
915,0.00028055956
56,0.006397714
1708,0.010376071
5901,0.006528979
5902,0.0049114777
2382,0.00155571
3245,0.00035980006
3249,0.017320763
2400,0.021998594
5914,0.0038692676
990,0.0013449192
140,0.0025172518
558,0.01013332
561,0.11516237
5922,0.009062987
3025,0.0012029205
5927,0.0018399925
5928,0.009888847
592,0.004408192
5193,0.0024788703
5195,0.002583481
4478,0.0010603656
5934,0.16130498
5936,0.0069074617
3313,0.001358782
1817,0.08667573
2497,0.0136707425
1087,0.039228648
5954,0.028248211
3832,0.0052541415
263,0.0036493924
5956,0.0024968847
2522,0.009722662
283,0.018600913
1120,0.00045015165
1872,0.0012264461
5970,0.009689717
298,0.00045010875
5829,0.0013117347
5980,0.018244674
2868,0.016157988
3647,0.006882092
5706,0.0017909638
5984,0.00084338733
4543,0.00036872987
3388,0.01120694
5988,0.005844173
2255,0.013187342
765,0.005590577
4554,0.0009206995
4348,0.0038940646
3415,0.009582008
2590,0.002516676
3432,0.00072412187
825,0.00093094696
3936,0.0081762
3452,0.0033409486
5580,0.01404681
6012,0.024863586
4596,0.00413054
892,0.005746998
3471,0.030250382
4180,0.027192002
4797,0.0042094253
2697,0.0033577208
509,0.0010128765
5148,0.07425857
4984,0.030158956
4209,0.018226914
5769,0.000941529
5622,0.0011385677
1745,0.0010410909
4220,0.008361047
538,0.008758208
3997,0.001503318
2404,0.0011826803
979,0.011051362
6048,0.0055241645
2750,0.0010210931
6056,0.0019439445
1013,0.0008375722
1402,0.0027879435
1788,0.01806499
5018,0.007180297
4839,0.001223697
601,0.0021665927
2776,0.00065407547
4267,0.0011306604
1430,0.030331852
4277,0.067993686
6071,0.025955798
641,0.00074635434
3604,0.002085345
665,0.0006860956
6080,0.005237992
6081,0.0018204958
5052,0.0045330515
6083,0.018548934
4526,0.0004719466
2213,0.001039321
2545,0.016848555
4087,0.0034582613
715,0.0039510643
6091,0.002098693
2553,0.003628647
4316,0.052596778
326,0.004296872
5848,0.0031255735
6105,0.44011867
1193,0.0002597341
3675,0.001593237
6111,0.004671748
6113,0.010187567
5425,0.001029697
6115,0.001348149
2304,0.004802577
1233,0.0012879506
6117,0.0063458094
3707,0.000731625
6121,0.0041547916
3468,0.0047810157
457,0.0023300603
463,0.0060446397
6125,0.014099362
4601,0.0022421232
2345,0.018848771
905,0.0006715763
3955,0.0051593785
1685,0.0075406577
6131,0.0139877675
4790,0.0011201142
2357,0.017478528
2035,0.0027775853
3739,0.001098515
6135,0.0062680044
2049,0.0010961577
1329,0.0020631175
1718,0.0047843317
2699,0.019081555
5467,0.0051489794
3241,0.012087681
6140,0.010453991
1356,0.009272025
960,0.001253781
2401,0.004960962
3266,0.006955695
971,0.015274428
6143,0.013850838
5165,0.0018893057
1762,0.001765635
6149,0.022910299
2426,0.060655884
1002,0.030617539
3289,0.00069608964
4030,0.00027863175
4480,0.0012004056
612,0.00064570556
6164,0.13434823
1036,0.008615934
4278,0.010404788
1059,0.0003664061
1440,0.0040206905
1065,0.0023297786
3593,0.004290283
6171,0.005431344
3066,0.034457427
4681,0.0026935556
2167,0.014478514
5043,0.0027399384
1854,0.035601564
5818,0.0021847486
5216,0.0051490967
3072,0.0051277047
6179,0.005414688
667,0.0044865482
5820,0.0032608667
268,0.0052300226
3613,0.0028087944
1105,0.0014550415
1115,0.002313927
694,0.018881118
1507,0.0018811302
5238,0.002043923
6187,0.0046047987
6191,0.007235212
2877,0.0048610354
3389,0.0013014363
2571,0.0014285995
3129,0.0023601546
3412,0.007974476
4350,0.02978641
6209,0.0026115978
804,0.00057909265
2606,0.00084560266
3439,0.0070078718
4371,0.005877546
6215,0.001998073
6216,0.07959946
6218,0.010649064
1245,0.018367494
3700,0.0005695536
5120,0.0027828417
444,0.00835988
2007,0.001176181
1275,0.0009812588
6230,0.011962365
889,0.0005132398
2020,0.0020199595
1294,0.00495411
3476,0.0020473648
5446,0.0036328563
6236,0.0012735031
931,0.0010462716
6240,0.006832113
5315,0.0014072955
527,0.003318883
6256,0.009811383
2734,0.0067263106
6266,0.0051719593
6267,0.0003273514
1795,0.0036434364
4474,0.014000066
3036,0.0010330816
3579,0.004243598
5356,0.0022356554
6278,0.0024987403
2787,0.00013461165
6281,0.0033337146
1812,0.0007852876
5507,0.0072478377
634,0.0060518403
4669,0.0006840269
1066,0.009046997
3827,0.046678882
4502,0.0033365374
5813,0.008917336
6287,0.014126399
6288,0.020566909
6289,0.057774674
655,0.012347011
4861,0.00090924004
670,0.0064304788
6292,0.0044854283
4516,0.006633168
294,0.006011033
6299,0.00085557083
5536,0.020103926
1132,0.0002804911
712,0.005116653
714,0.041715305
6302,0.0479401
4092,0.003390484
6308,0.0041628075
1533,0.019019797
6310,0.008397509
6311,0.0041008564
1544,0.0009441624
3386,0.004193117
6314,0.014094312
6315,0.00967467
361,0.007860157
4116,0.3600562
4117,0.012945606
4560,0.0010662398
6316,0.0010249624
6319,0.021259518
6320,0.0044798744
4915,0.005430141
4746,0.005141762
2292,0.007541725
5572,0.0038459895
1960,0.0009133914
1239,0.0019626438
6338,0.0035583896
5289,0.0005846396
4161,0.0023103785
6230,0.011908658
30,0.049370725
4779,0.0012440361
5753,0.009847782
40,0.0016889537
44,0.007139151
2351,0.007871056
2682,0.010194508
2688,0.0062438766
2979,0.0010030502
6239,0.008018477
3501,0.002116811
6350,0.016133599
3230,0.0050849537
76,0.012493812
2374,0.03913773
6351,0.018353011
5312,0.00666309
5149,0.002058674
6352,0.023416437
90,0.00041693938
2389,0.0050684507
101,0.0012221374
3001,0.03961424
4222,0.0012826957
6371,0.0135155525
6372,0.0011369658
594,0.0002160318
5351,0.038716312
4036,0.00023139766
1805,0.0017265561
4665,0.006041406
1047,0.00060716906
6380,0.0062461854
219,0.00053371524
6387,0.023601705
3599,0.003572089
2824,0.004410151
4688,0.0027982527
6396,0.0044278423
5225,0.00040603743
3355,0.0065881517
281,0.006606449
2211,0.010243211
1153,0.00349135
2886,0.0046805562
6420,0.014440745
363,0.004484321
6424,0.013368802
1932,0.00056413974
1569,0.0011220146
4566,0.004259175
6428,0.0025458133
4572,0.0029013446
1244,0.0012568927
2645,0.00026036584
1249,0.03567836
3452,0.0032827724
1252,0.0054163705
3706,0.019257398
1995,0.00030337952
2658,0.0023875455
5436,0.0007347804
6449,0.011418867
6450,0.007563896
6451,0.008811009
6452,0.08393699
3493,0.041980155
1311,0.005727351
3221,0.01189224
5599,0.0072698845
4610,0.0009929436
4614,0.00074164226
1344,0.002425888
3758,0.008112077
3006,0.00370312
4226,0.012592738
971,0.01701658
123,0.002640093
1369,0.0011385477
6470,0.011046247
4639,0.019113587
5777,0.008153325
560,0.0024291766
3284,0.0110037485
6480,0.0026507378
6482,0.007761682
1007,0.011108564
3290,0.018440697
2762,0.0033964734
4259,0.022116397
6483,0.0103858095
6486,0.013361395
6486,0.033247124
186,0.01296036
614,0.00046830263
6490,0.020009786
1422,0.0006487429
6494,0.0057386314
6495,0.0036397893
6379,0.019880807
1812,0.0011610725
6504,0.0025085076
6505,0.021659572
2487,0.00037616584
5665,0.000494516
242,0.000612491
4290,0.0029472862
1083,0.00013247531
2813,0.0012425648
2507,0.0014904055
6519,0.001096589
4519,0.005205334
3845,0.019044332
3620,0.0010415606
2538,0.0026248817
4876,0.0014799308
6528,0.0037160956
4311,0.01052333
2549,0.0017005629
2228,0.10898908
6543,0.058964197
1900,0.029134013
2879,0.017616129
5552,0.0022624473
4335,0.0008641651
772,0.00063634553
1562,0.0045502395
4558,0.0026926743
3141,0.0038063652
2280,0.03628929
3901,0.0014728401
1948,0.0007883429
6557,0.02890973
5735,0.0009650798
4153,0.0039132047
4378,0.019951824
1657,0.01953074
6575,0.004072512
6576,0.0021933373
47,0.0024563475
918,0.0010086962
1312,0.0016432952
6585,0.0010869737
3973,0.0034853893
2379,0.005010988
5316,0.0037927725
3245,0.0005599262
6592,0.0052249613
6593,0.0038574133
3276,0.0041528586
4005,0.001520557
1376,0.0017910218
4827,0.019613145
4463,0.003084632
4468,0.0019342417
585,0.0011541635
1411,0.0027828047
4841,0.0012914207
2131,0.004256048
6498,0.005847551
6610,0.0016571324
4052,0.015804093
5660,0.0007573669
1068,0.0013231327
4054,0.0039824042
237,0.00033483995
3825,0.0044075055
4502,0.00028449786
1455,0.00037851773
6618,0.041925505
3080,0.006680344
6626,0.009697549
4522,0.0014230675
6629,0.008878456
6630,0.020592954
2862,0.004536491
6096,0.0027535434
6640,0.0007394884
769,0.009262805
6645,0.006138409
5411,0.0023742171
1210,0.0001355487
2290,0.0026107174
3154,0.0056247604
6651,0.0039897705
1613,0.08836035
1613,0.09372807
6653,0.013632532
861,0.0019029975
6657,0.030519718
4162,0.0069815977
22,0.0011463468
3722,0.024667826
3211,0.00027360767
472,0.0121254865
3476,0.0022729859
6668,0.011526672
5597,0.00047613247
1327,0.0009724429
508,0.008964032
6671,0.017319934
4798,0.0013826702
2985,0.009675985
6673,0.001915291
4622,0.00052798196
5613,0.0019685202
6678,0.024624676
6252,0.017890977
3008,0.0026492833
6472,0.0016646507
6474,0.012572837
3549,0.0049137315
5004,0.00027591
5632,0.00023668152
5175,0.008251583
4642,0.009247454
569,0.07457431
3300,0.004502804
174,0.00035735336
4029,0.0025787116
6702,0.029038848
6161,0.010345147
2135,0.0071302545
623,0.0004497045
5359,0.00032136546
2146,0.002445496
4279,0.003826539
4280,0.048236508
6709,0.07039849
3323,0.00047583366
4057,0.00931751
3605,0.07187641
4508,0.00051529024
6714,0.047862746
6715,0.058475
267,0.0011421307
1881,0.00843859
6725,0.032864887
6727,0.06170102
3110,0.018755727
6730,0.14019619
3645,0.0010210498
6732,0.021609435
1908,0.0006314189
354,0.020275556
4734,0.00062908314
1561,0.0035947775
4115,0.0047442564
1931,0.002120628
6745,0.13287227
3899,0.0073120897
3901,0.0016797306
793,0.013273457
6749,0.007506811
5735,0.0008253342
2305,0.006826815
2639,0.008167497
1979,0.0011675918
1980,0.0025710722
2944,0.0025912407
9,0.0019535655
3185,0.0022144301
4598,0.0013361394
4958,0.008629684
1285,0.0038641838
4404,0.02445845
6760,0.036066458
6577,0.014960079
6764,0.110207595
52,0.0011756832
3958,0.0020519588
5759,0.008862463
2687,0.011202001
1695,0.00070360623
1696,0.0020850434
62,0.005496602
4796,0.0006799731
4981,0.0026815913
87,0.028869636
2385,0.016968343
1727,0.004486314
2072,0.006370156
2727,0.0023564368
1750,0.005556076
6597,0.009240108
3541,0.0013940744
6773,0.06544642
139,0.00032000893
6050,0.012559649
5005,0.0012852362
3292,0.0363934
5184,0.016637268
2113,0.0010068672
6157,0.032742627
6700,0.0032151712
1796,0.010187048
5351,0.009789376
6780,0.03946644
600,0.0041465606
3800,0.0010684619
2466,0.0008977947
2784,0.00035442368
4485,0.0030315812
625,0.0047071725
5656,0.0146479895
3316,0.0032288837
2145,0.0021768876
6792,0.0431301
638,0.0029388908
5807,0.0026493564
4282,0.009639368
3595,0.021562388
650,0.00071459165
4506,0.00043044752
6806,0.035451528
5821,0.053011566
1487,0.0015373301
2202,0.0015322092
1870,0.001730353
1870,0.0014200399
6190,0.0023318345
4533,0.001142899
4534,0.0020727385
3119,0.0019966348
744,0.019097405
6200,0.004540024
344,0.00058589055
6823,0.04456701
4898,0.00092526415
2574,0.00085843424
5263,0.0003330018
6826,0.024315747
5563,0.0002303738
6828,0.0036728056
1946,0.0052736714
381,0.0069079264
2291,0.028343048
807,0.0023808687
2300,0.00073156407
835,0.0016732336
5872,0.007274676
6838,0.0026612733
2,0.0042704944
2949,0.0056563886
2663,0.053800095
6847,0.009169596
3194,0.009568858
1292,0.0033024568
52,0.0014581124
6858,0.004881661
522,0.0037075116
6246,0.009979292
3536,0.0029364522
1370,0.00484392
3544,0.009205499
996,0.020116832
5634,0.002365038
4467,0.005758305
2128,0.00041817315
2775,0.015582915
6877,0.11782889
199,0.0017063104
2778,0.0022149074
2475,0.01390417
1819,0.0087678
6882,0.002325542
4055,0.006635261
6883,0.0069462126
3828,0.00071722723
4288,0.024173768
2170,0.00062832487
254,0.008137238
6886,0.0055960296
6390,0.0029115607
3610,0.0035270366
2189,0.00053984486
274,0.015941735
2193,0.00047574408
6890,0.009539871
6891,0.006513452
6897,0.06665736
6725,0.0058588386
306,0.0009102022
1523,0.009434093
3371,0.0056824517
1528,0.0011540585
1151,0.0002653302
6196,0.009509658
5986,0.026339512
5400,0.016919877
2888,0.0013361374
3393,0.0035117636
1917,0.003976449
5095,0.0018406187
2265,0.00047068595
4915,0.00468224
2595,0.0062288563
1212,0.00057972
3151,0.020471537
4917,0.00068336463
6925,0.03674978
1597,0.018947482
3162,0.0051078787
2930,0.005803641
5739,0.0022946696
5740,0.0013973295
2645,0.00029726245
874,0.001974776
2336,0.032574248
4784,0.0051431013
3211,0.00027718823
3214,0.0012931309
2356,0.0010455153
917,0.015101985
54,0.0011358984
1693,0.0024208839
2980,0.026969431
1329,0.0018795488
2377,0.0042062425
6958,0.003683136
2073,0.017196305
6959,0.0044895206
5770,0.004001504
3762,0.002000741
3766,0.0018389882
6963,0.016298953
3281,0.01129164
147,0.009708834
5333,0.0059526376
6966,0.04349254
6696,0.0019762141
4254,0.07615272
6973,0.006174988
6973,0.009085123
5352,0.0013061409
6976,0.017874477
6979,0.059896134
631,0.04080747
2152,0.01797396
2483,0.0013648758
6070,0.001631559
1066,0.0071011465
6388,0.005749617
247,0.0018064007
2499,0.035919357
6990,0.011946022
2819,0.0006375244
3840,0.0016367066
6996,0.006632301
682,0.0037841795
7002,0.030300789
4705,0.000672764
314,0.00064286747
7003,0.00985798
2232,0.0014704046
3117,0.0007795678
5721,0.31945917
3399,0.0018074405
6423,0.14021276
2611,0.0100857485
2622,0.0026725333
4924,0.0011583643
1965,0.0073954742
7022,0.005947992
3443,0.0019590987
3695,0.0024504939
4152,0.0012042865
1240,0.13491103
6,0.0036955047
6657,0.024033036
1256,0.0006440805
7025,0.004177843
1273,0.0380254
6847,0.014173525
2970,0.0011686417
1685,0.0047151726
7033,0.004419744
7034,0.014778388
1335,0.0012209621
3970,0.0038239257
2061,0.024753682
2064,0.091941915
3977,0.0013946327
3980,0.0008247115
6592,0.004471896
106,0.00053897157
3525,0.0017993168
6141,0.015903698
4219,0.009658018
121,0.013810994
545,0.0004075265
976,0.0003706395
4995,0.011707583
7056,0.0035493996
4464,0.011027239
7059,0.099586904
3561,0.019198429
6152,0.048060913
578,0.000965968
7060,0.010282709
4838,0.00078846986
2128,0.0014262132
4034,0.010522332
7062,0.035473455
5792,0.015013732
7064,0.0023958008
220,0.0061868536
7069,0.0018330879
1835,0.0015309813
7071,0.013874599
3602,0.006130908
655,0.012319536
6802,0.005438527
5215,0.0014528946
1095,0.0017068741
663,0.02309684
6079,0.011938112
5379,0.0028648912
3086,0.03720431
5053,0.0023278908
6809,0.0041180216
2223,0.0015707115
5546,0.0054649343
7088,0.022194812
339,0.0010046776
744,0.04483766
2880,0.0032810236
7093,0.012975497
362,0.005079608
4738,0.0011947175
3667,0.0021627694
1924,0.0029369101
7099,0.01965985
1563,0.0023582715
2273,0.0017256571
376,0.00026062736
3897,0.0015816664
3900,0.006215343
1204,0.0011768697
2286,0.002178247
805,0.009962996
7111,0.011574596
3694,0.0008495248
6336,0.02291379
7117,0.049963966
7119,0.005359535
3451,0.0048554703
1997,0.00048738904
18,0.036001142
1276,0.0050961617
7121,0.0049982825
3955,0.009001898
2035,0.0027775853
1696,0.0019858275
7130,0.21772875
6136,0.0045233015
7131,0.0064079794
942,0.0018950801
512,0.0006884309
5604,0.008973908
7133,0.0049434872
3978,0.0021339708
956,0.0054133916
2082,0.003495608
7136,0.0055358997
1359,0.040344764
2728,0.018306747
3273,0.0020634858
5325,0.0037587069
4812,0.006225303
3283,0.01898089
4009,0.0043938295
2433,0.019038308
7149,0.12305898
3574,0.075326025
2471,0.0006540212
7153,0.003571907
7154,0.003618497
6791,0.028458575
2482,0.00352933
1444,0.0031471401
3820,0.0114466315
7161,0.0103854025
7163,0.15919285
244,0.025177725
6287,0.009670983
7072,0.064643905
7178,0.0057944614
5242,0.0009146485
3863,0.013477859
3109,0.0031733646
2238,0.049215864
1532,0.005781247
2565,0.0005183462
1166,0.004296435
7194,0.0032430384
2884,0.0028929024
3389,0.0014539909
2568,0.015606816
5847,0.0063409824
5259,0.0063277376
754,0.0019496434
782,0.05655908
3674,0.002322779
7197,0.025940664
1940,0.0023174447
3897,0.00152393
4128,0.019044712
5107,0.0009236821
1608,0.00040116196
2622,0.0015086808
7205,0.014296778
5424,0.0005559514
7206,0.004592815
3443,0.0015417462
5873,0.0009494894
6217,0.018629935
2644,0.0027314527
7212,0.06267496
864,0.0006952599
445,0.0015851364
4167,0.008863414
7218,0.007851196
5294,0.00036222764
4174,0.037508473
6016,0.00226754
7224,0.0134310415
56,0.006510728
2040,0.013360326
6765,0.016119216
3228,0.013145695
7227,0.0035182876
3251,0.0061656223
532,0.002478835
533,0.005642229
5156,0.0063472707
5619,0.00085601764
2399,0.00040734396
1361,0.007196315
7237,0.019538395
5166,0.0026764672
7239,0.0060250405
3018,0.068507195
1380,0.0030851583
7243,0.010068035
4455,0.0047570686
2424,0.00035662114
7244,0.0070019546
1388,0.006193031
578,0.001432128
4019,0.01925905
5342,0.0069490946
7247,0.0038755825
5649,0.000112014815
5190,0.0030714236
5200,0.042704046
1037,0.0018761909
5938,0.0010820728
4486,0.0030354692
5505,0.0003986343
4488,0.00044737343
4279,0.003759939
4280,0.03381828
2484,0.0014004263
7258,0.010200264
7261,0.0005648726
247,0.001560563
6389,0.0042215814
1084,0.0002320939
5670,0.0021179565
7265,0.0050492072
7266,0.024028799
7267,0.042109925
2821,0.035743915
4062,0.008978009
3350,0.020500373
5529,0.001234595
7272,0.04761295
2840,0.00035678621
2208,0.00075974915
7276,0.071335316
2215,0.005118411
716,0.0009058513
7185,0.0077004586
327,0.005677895
1534,0.0036268476
2246,0.00073866366
7193,0.018347992
7286,0.050524876
7287,0.008702339
4891,0.0011294994
3123,0.004313854
1929,0.001726173
4344,0.0036014018
369,0.0021041548
6207,0.014863643
7102,0.011998326
1213,0.0021540811
7306,0.0024041277
3163,0.0105113555
7307,0.0071998457
6749,0.0063474844
7308,0.0033064003
3168,0.0011404527
6117,0.005613485
5580,0.01371748
1642,0.0002982808
1646,0.0008589468
7317,0.0062118336
4172,0.0031560955
7318,0.002757722
5892,0.024826894
891,0.011735041
7319,0.0036451279
4180,0.007747281
6761,0.010499475
7322,0.04261287
4412,0.013990562
1692,0.012381039
2977,0.119032934
4975,0.0065780045
6243,0.06083594
3514,0.0030611197
105,0.050572522
7334,0.028122157
973,0.0051271818
4441,0.0022152585
7342,0.03440281
7343,0.07508661
7347,0.025684807
7148,0.0014672022
2749,0.002289831
3781,0.011777904
4656,0.0023872447
7358,0.069179915
3039,0.0020394828
5798,0.00045564608
6281,0.0056046816
7363,0.017064437
230,0.0012462722
1070,0.0015126495
3827,0.028489126
4678,0.00066223025
7368,0.006136068
5954,0.022493312
656,0.0067550372
7370,0.030772943
5221,0.0020230485
2831,0.013135586
693,0.024793189
5533,0.002086252
4310,0.0027267663
5832,0.0020361964
708,0.00954922
311,0.0027025382
5836,0.0011913287
1892,0.00044160595
4713,0.00087348954
7386,0.012037329
3871,0.0015680089
6095,0.013380367
735,0.0016925562
3881,0.00056694704
5259,0.0066103907
353,0.01510988
7389,0.07830647
7294,0.0060847737
7391,0.1444299
6106,0.0033063027
6108,0.004384655
403,0.033474635
7397,0.075405724
7401,0.041981623
436,0.0029908107
1258,0.012393948
7408,0.049152847
1651,0.0011008155
1651,0.0013025469
6568,0.026791105
3192,0.0076571195
7410,0.020040408
6760,0.078138545
7411,0.0047889384
1675,0.00024115137
3952,0.018169262
7031,0.012685496
4604,0.0013266192
3497,0.00062111695
7417,0.014228611
6239,0.008575232
63,0.018222746
1706,0.005902406
7227,0.0026320533
2993,0.013580777
2082,0.0034482498
5329,0.004662971
6149,0.008918378
4455,0.0051522953
4252,0.001812663
2444,0.0017058345
6489,0.013274288
4846,0.0019445525
2134,0.009036
4847,0.0014784877
6880,0.0026011383
7442,0.17474675
5512,0.016656063
4857,0.00034269766
7447,0.026564369
3594,0.013774057
7451,0.0071724867
1453,0.003409041
249,0.0076874946
5813,0.009074458
7452,0.012583622
1085,0.00095982366
2509,0.00833969
7454,0.008616089
666,0.0012691765
4075,0.003811212
697,0.0021285668
3101,0.020810673
3362,0.0015679926
1512,0.0095241945
7182,0.008314375
728,0.00078237604
7468,0.006250893
1149,0.006119512
6317,0.015361388
5861,0.0063320925
3902,0.00042109293
6320,0.0024851523
1208,0.017141992
7199,0.0074396706
7478,0.00066500925
2295,0.00829933
5867,0.0011606092
7481,0.00500649
414,0.0005339905
2935,0.0104386015
841,0.016246017
4582,0.0013443232
3696,0.0046618693
2944,0.0020897894
1641,0.17622139
3711,0.033080168
1264,0.0014831829
25,0.0122211175
7492,0.048347116
1293,0.00034068452
7494,0.020615848
7494,0.015292992
2672,0.00016408607
7499,0.015340637
6131,0.017246697
3958,0.0012402766
6021,0.0013330049
7417,0.014436029
3749,0.0021894772
4198,0.006538881
4621,0.0017022096
5157,0.007337938
2090,0.004000884
1752,0.0011058642
3535,0.0045775543
136,0.005224647
7513,0.016375951
4824,0.0032694673
5633,0.0015217302
155,0.00061559683
4464,0.01517491
5181,0.021272173
4648,0.004254286
2112,0.01043582
4470,0.004615687
3790,0.0040586437
4025,0.002747063
598,0.008562754
1800,0.002398339
1803,0.009726716
615,0.0040644957
1047,0.00092974183
1051,0.0022685823
4668,0.00015583876
2150,0.01648397
3323,0.0006136611
6079,0.01248117
2520,0.008260774
5966,0.04868874
2848,0.0034069761
5829,0.0012002605
5242,0.00044775268
7548,0.025143942
2869,0.0007337427
339,0.0012431962
2878,0.002632544
2886,0.04355617
7560,0.011833415
1190,0.0052324985
3411,0.0006901888
3413,0.0004959577
3414,0.004828063
3419,0.0013911474
7015,0.0008329362
1950,0.00040606473
2299,0.0333842
4150,0.00084410456
7575,0.008044869
5,0.00090460235
3452,0.0026948072
1258,0.01634042
5888,0.007855328
6755,0.00074351614
453,0.00083577365
7579,0.0041198675
2675,0.0015256549
6239,0.007401655
2362,0.0051186928
7590,0.057173483
2066,0.0010403027
2989,0.00014535496
7595,0.030413264
2073,0.01699352
6867,0.0026990538
6246,0.011990674
2081,0.00038618618
4221,0.0005680137
4231,0.006771524
1760,0.0109359035
2097,0.0024680474
5004,0.00040497287
6967,0.0018850447
7607,0.006569363
7610,0.22679843
7612,0.007408594
4466,0.001245237
6369,0.047530085
7355,0.025743667
3573,0.0033010792
5197,0.00025682984
5936,0.0009979602
6981,0.08352584
1825,0.004752425
1064,0.002166329
6072,0.02328027
3598,0.003982518
7627,0.0034762528
7629,0.03157449
4066,0.0007096866
2194,0.004017463
5699,0.001002531
5239,0.00030017417
2545,0.017143013
7182,0.011861032
4531,0.00049652084
1888,0.002821872
1527,0.055758663
4320,0.039775647
4535,0.0015950479
4541,0.0013757226
4542,0.011546589
7286,0.06469282
6816,0.042559143
4106,0.005362068
2887,0.00078190013
6100,0.02295195
6203,0.004095234
1192,0.0049286224
4556,0.0006965801
1201,0.003877372
7199,0.008436169
3426,0.012944377
3428,0.0024193632
2298,0.0052463887
824,0.0008139582
2303,0.033591803
834,0.0005845897
2938,0.008089567
7655,0.006989434
2316,0.0068673054
6752,0.013521115
859,0.0032329117
2656,0.08009525
2954,0.00090685295
3462,0.004629261
4172,0.007842054
2341,0.011689092
1284,0.006096022
1669,0.017684925
2670,0.02529339
3212,0.002449014
1305,0.0029730303
5303,0.020717215
2364,0.00038069772
5602,0.0044170194
6586,0.005351684
942,0.008259258
90,0.00034306524
7667,0.09130285
92,0.0019933546
2085,0.06442188
4436,0.0032478478
544,0.0006531448
7426,0.00057807827
6771,0.0075025484
7238,0.011607501
5167,0.0015810528
133,0.0022368631
2417,0.012336856
3773,0.0014674627
4238,0.0011408139
7147,0.06430799
4012,0.0010724753
1391,0.0046864375
6698,0.001577525
7060,0.037246525
7060,0.016268102
2112,0.061156478
7615,0.006369546
2785,0.0003369758
5359,0.00029811644
2479,0.00027270423
6501,0.024288984
2798,0.0018380091
4278,0.003098875
5822,0.024359116
7704,0.029239489
2523,0.00046882432
4073,0.02344686
7707,0.026443264
3625,0.03578395
7380,0.0026857008
2213,0.00092998333
7711,0.0056036212
3365,0.008903011
2222,0.0036752685
5543,0.0011817687
1885,0.008692575
1166,0.005656241
4725,0.002552943
3387,0.007694246
2890,0.0093590645
7719,0.06669345
1199,0.0021559629
2596,0.009165166
799,0.0025346037
3160,0.0076147392
3438,0.0041300342
6836,0.012683291
1618,0.00059433375
6751,0.0020290185
6337,0.012254192
857,0.011146705
3448,0.0012656612
435,0.00038303886
1987,0.0031900818
21,0.001037135
4956,0.00054579455
1664,0.0023818032
2017,0.0003051426
6449,0.019387022
3726,0.006069776
7733,0.008175763
4412,0.015843138
7734,0.013137341
3490,0.006104018
1309,0.00070784433
4605,0.0004558464
7736,0.02495745
3223,0.0016581859
7738,0.004382183
3230,0.00500336
7740,0.013222231
6030,0.009549251
945,0.00072849455
6673,0.01678309
3238,0.0022004345
5615,0.00030628953
3254,0.0013603618
533,0.0031197772
109,0.0018037047
4213,0.00059192325
4437,0.00028650777
970,0.0010296392
5630,0.0049408046
5775,0.00048471417
3020,0.010394095
2105,0.008322915
560,0.0028847724
1775,0.023280965
2761,0.0004468737
3298,0.001295016
7755,0.017396698
5645,0.0053940606
2453,0.058302842
4842,0.0005165071
617,0.00074230233
621,0.0057301787
5029,0.0020089669
3048,0.013665953
5203,0.000342496
5360,0.0021830436
5035,0.009645088
7759,0.028155083
4496,0.00055633194
7763,0.027398597
4062,0.008641253
2517,0.009191787
5820,0.0037647379
7769,0.07641379
7770,0.0033235142
3360,0.0009224408
715,0.0032482154
3367,0.003151986
2864,0.00031041185
1140,0.0007918865
5086,0.0010679893
1903,0.006242256
1548,0.00029932568
2251,0.0033393262
4897,0.0018456208
4903,0.0036986014
1922,0.0026262715
775,0.005989427
7782,0.009594547
1932,0.0005600997
2271,0.005740329
3144,0.007210129
4127,0.00081688096
2613,0.00081897987
3162,0.004768748
423,0.011349674
4149,0.0023127748
2637,0.0023641686
7790,0.07296645
2646,0.011577085
5581,0.00094398606
3182,0.003153993
7791,0.04163055
5582,0.0005520712
3465,0.0012133076
7797,0.014403623
2960,0.03173727
1286,0.00578562
2969,0.0012836386
3741,0.0033854446
505,0.0007771679
5313,0.030029913
948,0.019023469
92,0.0024286462
2390,0.0053547737
4212,0.005085325
105,0.056196373
6141,0.014945513
4990,0.003383804
7811,0.04446098
2092,0.012571452
982,0.0010704879
6048,0.006960858
5335,0.0074947835
2436,0.004024838
5345,0.0028789816
2125,0.0018718259
5020,0.0018650237
5353,0.0016225885
1803,0.04273243
4271,0.00076238986
7823,0.06766362
4489,0.0003197747
1825,0.003642538
5660,0.0007117436
231,0.004452533
2802,0.00069563603
2498,0.00085904833
2499,0.04205799
7171,0.020979205
668,0.00036445368
7832,0.06607614
674,0.0044458928
2198,0.004175319
3087,0.003649472
2531,0.0001479922
2207,0.0006283973
3097,0.0010467398
2541,0.00075288635
707,0.00020242589
709,0.00042408725
5245,0.0020802973
4706,0.00060983456
3641,0.0017480645
1141,0.0012271357
5249,0.0008791609
7840,0.008891944
7288,0.0030546554
7845,0.0047212048
2257,0.006235988
4898,0.0011766573
1578,0.0019067135
789,0.0020890546
5863,0.0020113967
2600,0.0024867402
7855,0.03562921
4357,0.0038522426
7394,0.0044207955
3916,0.00059288
4756,0.001976121
7859,0.001157364
5737,0.00111987
7862,0.0057308716
431,0.0074897422
4943,0.0021648442
7865,0.005484294
2650,0.0022956457
1253,0.00029485617
867,0.01099728
7728,0.022933803
1259,0.00042948656
2658,0.0019084103
7488,0.03020207
1654,0.00066008844
1659,0.0046949596
4392,0.0019342417
459,0.00723762
3723,0.0016115254
7878,0.024172233
5457,0.0030418974
6025,0.007010235
2051,0.018357428
5142,0.0005067618
7885,0.038556036
533,0.0026956815
7338,0.01658368
3264,0.0029596612
3273,0.0025551564
6868,0.0052088466
7675,0.016826516
4445,0.00372852
3543,0.0030272508
2417,0.0054511977
1765,0.0072057825
5173,0.016056713
151,0.007565263
153,0.023472367
7894,0.0054324255
4456,0.0077574784
2756,0.002303423
1782,0.003474646
4664,0.002172052
3582,0.0016522502
7901,0.0048143426
6063,0.004468645
7904,0.025369784
632,0.001986472
265,0.005939574
3348,0.0024388279
6521,0.033208966
2830,0.0030065204
279,0.0053636804
7918,0.008784932
6896,0.003813302
4877,0.002532808
5064,0.0067177624
5241,0.002514003
5389,0.0044890027
721,0.0024365785
2236,0.0016516675
1897,0.0032969334
5987,0.003763046
1175,0.00069160707
6314,0.014212415
756,0.0024263093
3130,0.099898614
4119,0.022990117
3898,0.0005138705
2282,0.00033645093
402,0.00038300068
7933,0.02573094
812,0.062665194
7656,0.045840915
7941,0.004801324
6218,0.005703824
5877,0.015208912
5284,0.016084421
7865,0.00951102
6656,0.005466116
2952,0.0005756061
1999,0.00045948304
4162,0.008063574
6755,0.0005336855
454,0.00030398028
3200,0.011292221
1301,0.0008195235
6857,0.008078638
5598,0.0044880803
502,0.014778589
7952,0.010100241
2985,0.011769161
2385,0.016416093
99,0.09501094
7599,0.005689863
4215,0.011281408
1741,0.0020164617
3765,0.0042203325
1766,0.0005782846
4457,0.004274846
4644,0.002102011
4245,0.0046260017
572,0.013269198
2111,0.0052250605
172,0.0054420927
177,0.0035476377
190,0.00081904506
5355,0.009818084
7969,0.0148729235
3580,0.0020630595
2470,0.0072571174
1834,0.003000659
3599,0.0063353544
257,0.0018446601
2828,0.0005738991
1871,0.008591548
6185,0.0036133048
3629,0.00017523204
7001,0.022695424
2862,0.004186391
1141,0.0013885815
5979,0.0008326553
1145,0.001028395
5986,0.029269997
1552,0.019761056
7986,0.04555604
7294,0.004947556
7010,0.009720202
5095,0.0014705186
4341,0.00010513411
4741,0.0033206043
7476,0.0531778
5107,0.00092024833
1211,0.0026203727
3909,0.010524994
4751,0.002213499
7992,0.007733386
3173,0.04938562
7119,0.0043095
3705,0.0026260342
8,0.0037977917
2000,0.00034604917
6227,0.002828102
6227,0.0062968982
470,0.0002217003
3475,0.0090755215
909,0.0025660354
46,0.0034360557
1304,0.0035588054
55,0.015558168
8004,0.01772542
5461,0.002349613
1327,0.0014401946
8006,0.15453176
4206,0.028797742
2385,0.014689465
1732,0.0024472915
3248,0.0019558903
3521,0.0022785747
5159,0.0012865467
8014,0.028391914
3270,0.014991916
4440,0.0009474421
2097,0.0025084002
997,0.0072691957
4829,0.004009244
6700,0.0021149938
6780,0.041812167
5021,0.0011883429
4478,0.0011098587
1037,0.0020127583
7969,0.011498654
7970,0.010460924
8026,0.0051122615
5656,0.014884512
6282,0.001506843
1818,0.0026250812
2793,0.0049912934
3319,0.00070768985
5362,0.0015912101
8031,0.011799151
1834,0.003103861
7975,0.00634415
8036,0.044042233
1459,0.004443076
1461,0.0027195816
4508,0.00047822227
4062,0.009525257
5375,0.0041378923
3835,0.003986755
1487,0.00158986
8047,0.004440371
3101,0.022544485
1129,0.008379771
8050,0.15401705
2218,0.0012264118
3635,0.0023237052
4091,0.009736215
5974,0.01705868
6411,0.01474221
4320,0.026052173
3119,0.0024326409
747,0.004862477
3882,0.02742928
7926,0.086762086
2583,0.0011017428
7474,0.006743939
1946,0.006534103
2593,0.001230029
6746,0.01408317
1947,0.049995553
7301,0.0023329174
2599,0.0017061179
4750,0.00662362
1218,0.0004551239
3432,0.00041301755
826,0.00020661997
5423,0.00023005332
6221,0.0018997191
1645,0.007349426
5885,0.001173312
4952,0.0007488543
2005,0.011331614
5587,0.008591685
896,0.0165175
6763,0.0076178457
1307,0.009279356
4604,0.0012341219
5457,0.0032019813
2363,0.0034660937
926,0.006319231
5460,0.00047979664
7665,0.013143389
4609,0.0011401349
5763,0.009627635
2057,0.0075601134
8086,0.01845757
4199,0.0034859674
5606,0.0007288053
5469,0.0012646744
2990,0.00065474154
2075,0.010545304
3003,0.009483433
3530,0.0016442217
541,0.00091467384
4231,0.0055621886
8096,0.0040975898
6472,0.011827412
2734,0.0054290104
7603,0.010612657
1764,0.0012999795
562,0.0020448528
1381,0.06701667
1776,0.015490808
7613,0.0034647847
2759,0.0065208655
584,0.0500421
4655,0.00090667594
3029,0.00093733065
3799,0.008282749
6163,0.00064794795
2133,0.0039496706
7903,0.005053137
2801,0.0013404512
2493,0.0020973415
244,0.029035797
3831,0.0044698394
5526,0.002035154
5682,0.0003822531
286,0.0011198577
1489,0.0050056227
716,0.0011235329
1526,0.0016460504
2867,0.02293008
7288,0.018747974
4730,0.0014101637
8143,0.008389878
8145,0.033727184
2580,0.0029538132
7782,0.015499536
372,0.00032559474
8151,0.0026291632
3146,0.0019173559
380,0.0068376646
1947,0.09335929
8153,0.014884701
8154,0.03790085
1595,0.0059090606
4923,0.0013260653
6325,0.08647727
7724,0.0058559757
407,0.011905504
8155,0.004166331
840,0.0015522564
5877,0.012966133
7023,0.0069839624
1646,0.00068772
5127,0.0005843499
467,0.0150969215
7500,0.012175703
6858,0.010672304
8166,0.012336641
1323,0.042141676
4973,0.002583553
2061,0.02664597
4205,0.0027986264
7809,0.022429759
5160,5.8002486e-05
2733,0.014023642
3767,0.0008133767
131,0.003220875
550,0.00013119345
5627,0.0017178245
3771,0.0015764665
5777,0.0044569997
2753,0.0036039215
4011,0.0059696757
3294,0.03275502
6972,0.0065794443
1016,0.006080196
2448,0.0004463043
7151,0.021878444
1793,0.015789444
2123,0.005089638
7436,0.020993525
597,0.015489629
613,0.006896979
6162,0.005971501
1421,0.00019250979
6278,0.0023762002
3051,0.0010474185
633,0.032405548
6985,0.013484302
4856,0.037896704
1839,0.010046311
1453,0.001298141
1461,0.0017027468
6618,0.10267258
6079,0.011938112
4071,0.0008131183
3083,0.0078053204
8194,0.0043935818
3093,0.002141233
299,0.003164073
4526,0.0004786537
6902,0.008545474
8201,0.014450888
2228,0.11071246
3869,0.001440523
4714,0.0001802231
3874,0.0010126396
738,0.00075872143
1161,0.0032328793
5988,0.0063922266
7298,0.037166234
6425,0.008206153
3419,0.0013520329
5862,0.0004147664
8214,0.009204581
6922,0.022227397
390,0.0002033209
4359,0.0018983769
2607,0.0015685839
2609,0.0011871301
6650,0.0156499
2297,0.0045890934
8219,0.014022951
2927,0.0010934534
7939,0.0040698615
418,0.013491065
1233,0.0011133368
1237,0.00052417524
3173,0.050241843
5878,0.0011443812
6437,0.032650996
3701,0.011301199
864,0.00094726525
5433,0.00058690243
2658,0.0022410473
4775,0.0026729389
1278,0.00079818827
4597,0.017612506
892,0.005647162
3202,0.012519186
3217,0.019796912
4789,0.0002556964
63,0.008755199
5148,0.12933698
3519,0.0023290818
6249,0.009558397
3256,0.00398866
535,0.0011379496
2727,0.0028707872
7811,0.0075240075
2740,0.0010378229
2100,0.0024728044
8246,0.00957572
563,0.080466226
8248,0.003998128
4011,0.0070024193
3292,0.020452643
3782,0.0007698162
4255,0.008852228
3790,0.0050301463
3793,0.0033051795
180,0.00019520603
3796,0.00011602993
593,0.0039992332
1415,0.12227235
3800,0.0008724656
8257,0.006641515
8260,0.018184677
3585,0.0033891436
5808,0.002038269
8264,0.0045415843
8266,0.09044991
8267,0.0049985335
3069,0.005480312
5214,0.0053780363
3344,0.0012660874
3075,0.01875305
3836,0.0017713702
5822,0.03880657
682,0.0034311377
3088,0.0018419308
2843,0.002079843
3622,0.00044914245
1876,0.0005612559
3626,0.0003323827
3630,0.0006022456
2214,0.0035323496
8277,0.14459741
5070,0.0002792594
7773,0.009369485
3865,0.0020955796
5078,0.041829716
1150,0.13129991
1150,0.050200608
4098,0.00043214404
5086,0.00076955184
8286,0.008845892
5255,0.26787853
342,0.0015876099
1549,0.0024735583
8292,0.005627233
779,0.04436351
6112,0.004175448
3435,0.0023377812
4366,0.001236892
8298,0.0045634876
835,0.0026299888
8300,0.0003178868
1974,0.07046212
